{
  "BE1": {
    "K": {
      "0": [
        1128.231419938293, 0, 1002.887260268748, -0, 1128.128626214132,
        797.0136316348078, 0, -0, 1
      ],
      "1": [
        3500.500549011891, 0, 1008.789217250829, 0, 3499.862360319299,
        699.0917552220345, 0, 0, 1
      ],
      "2": [1, 0, 0, 0, 1, 0, 0, 0, 1],
      "3": [1, 0, 377.5761394058664, 0, 1, 292.03263449332127, 0, 0, 1]
    },
    "D": {
      "0": [
        0.6013370641425064, -0.1948430256972105, -0.0001373208384042836,
        5.912038814902117e-5, -0.024564255683734, 0.9197145972623519,
        -0.09749411260347535, -0.0833925772567168
      ],
      "1": [
        -0.1951889395978667, 0.3193484435662486, 0.0001107366279849434,
        0.0006480263016342477, 0.692908958556309
      ]
    }
  },
  "BE2": {
    "K": {
      "0": [
        1137.80595934096, 0, 1005.083963244759, 0, 1136.868138299819,
        793.537972677956, 0, 0, 1
      ],
      "1": [
        3500.500549011891, 0, 1008.789217250829, 0, 3499.862360319299,
        699.0917552220345, 0, 0, 1
      ],
      "2": [1, 1, 1, 1, 1, 0, 0, 0, 1],
      "3": [1, 0, 377.5761394058664, 0, 1, 292.03263449332127, 0, 0, 1]
    },
    "D": {
      "0": [
        -0.3002831957748727, 0.2050896167770083, -3.171705822851506e-5,
        -2.639636424606227e-6, 0.04446221508455414, 0.008072150107255094,
        0.05417638966225834, 0.1321527625225399
      ],
      "1": [
        -0.1951889395978667, 0.3193484435662486, 0.0001107366279849434,
        0.0006480263016342477, 0.692908958556309
      ]
    },
    "X": {
      "0": [
        -0.237271437689159, -0.0208968322083928, -0.971218609408084,
        -32.469213215203, 0.971402740863793, -0.0142499514089653,
        -0.237009818208345, 50.653999556616, -0.00888706358870689,
        -0.999680079469675, 0.0236803465404098, 0.598699012346748, 0, 0, 0, 1
      ],
      "1": [
        -0.0129208122517066, -0.749981951134545, -0.661332084193093,
        -35.7949207979476, 0.00437531610054809, 0.661338557715894,
        -0.750074775397282, 7.79212334387461, 0.999906950280765,
        -0.0125851122634271, -0.00526362323314267, -0.163265468864144, 0, 0, 0,
        1
      ],
      "2": [1, 0, 0, 0, 0, 1, 0, 0, 0, 0, 1, 0, 0, 0, 0, 1]
    }
  },
  "BE_DEVICE_NAME": "BE310A28210001",
  "K": {
    "0": [
      1137.80595934096, 0, 1005.083963244759, 0, 1136.868138299819,
      793.537972677956, 0, 0, 1
    ],
    "1": [
      3500.500549011891, 0, 1008.789217250829, 0, 3499.862360319299,
      699.0917552220345, 0, 0, 1
    ],
    "2": [1, 0, 0, 0, 1, 0, 0, 0, 1],
    "3": [1, 0, 377.5761394058664, 0, 1, 292.03263449332127, 0, 0, 1]
  },
  "D": {
    "0": [
      -0.3002831957748727, 0.2050896167770083, -3.171705822851506e-5,
      -2.639636424606227e-6, 0.04446221508455414, 0.008072150107255094,
      0.05417638966225834, 0.1321527625225399
    ],
    "1": [
      -0.1951889395978667, 0.3193484435662486, 0.0001107366279849434,
      0.0006480263016342477, 0.692908958556309
    ],
    "2": [0, 0, 0, 0, 0],
    "3": [-1.7132270124222186e-7, 0, 0, 0, 0]
  },
  "rt": {
    "0_1": [
      0.003857546041442516, 0.00677036804085368, 0.004958000834733869,
      2.189384848062507, 26.64786880763215, 19.99854601388914
    ],
    "1_2": [1, 2, 3, 1, 2, 3]
  },
  "H": {
    "1_0": [
      0.3205571827548381, 0.003184271901123571, 681.9356879801111,
      -0.002962343787365136, 0.3242098114276974, 570.8216490206506,
      -2.465860840352232e-6, 2.092553998042209e-6, 1
    ],
    "2_1": [
      0.2422931860024206, 0.0005528847754944408, 760.4402218989413,
      -0.000129316341840755, 0.2419287432940356, 516.1419322046276,
      3.8399725469068e-7, 3.909199950043937e-7, 1
    ],
    "3_1": [
      1.588678367636897, 0.0081708534617501, -3.457567431989248,
      -0.0136005378138919, 1.59833662438489, -34.42120927732901,
      -0.0000213783601445, 1.702473526553754e-6, 0.999128333554405
    ]
  },
  "X": {
    "0": [
      -0.237271437689159, -0.0208968322083928, -0.971218609408084,
      -32.469213215203, 0.971402740863793, -0.0142499514089653,
      -0.237009818208345, 50.653999556616, -0.00888706358870689,
      -0.999680079469675, 0.0236803465404098, 0.598699012346748, 0, 0, 0, 1
    ],
    "1": [
      -0.0129208122517066, -0.749981951134545, -0.661332084193093,
      -35.7949207979476, 0.00437531610054809, 0.661338557715894,
      -0.750074775397282, 7.79212334387461, 0.999906950280765,
      -0.0125851122634271, -0.00526362323314267, -0.163265468864144, 0, 0, 0, 1
    ],
    "2": [1, 0, 0, 0, 0, 1, 0, 0, 0, 0, 1, 0, 0, 0, 0, 1]
  }
}
